timestamp,gate_id,zone_id,wait_time_s,in_count,out_count
2026-06-23T00:00:00+00:00,GATE-01,ZONE-AUD,37.8,0,0
2026-06-23T00:15:00+00:00,GATE-01,ZONE-AUD,50.9,0,0
2026-06-23T00:30:00+00:00,GATE-01,ZONE-AUD,30.8,2,0
2026-06-23T00:45:00+00:00,GATE-01,ZONE-AUD,33.7,0,0
2026-06-23T01:00:00+00:00,GATE-01,ZONE-AUD,65.8,6,0
2026-06-23T01:15:00+00:00,GATE-01,ZONE-AUD,22.3,6,9
2026-06-23T01:30:00+00:00,GATE-01,ZONE-AUD,43.5,13,0
2026-06-23T01:45:00+00:00,GATE-01,ZONE-AUD,46.4,8,14
2026-06-23T02:00:00+00:00,GATE-01,ZONE-AUD,103.9,5,23
2026-06-23T02:15:00+00:00,GATE-01,ZONE-AUD,82.8,7,10
2026-06-23T02:30:00+00:00,GATE-01,ZONE-AUD,111.7,7,15
2026-06-23T02:45:00+00:00,GATE-01,ZONE-AUD,69.6,31,11
2026-06-23T03:00:00+00:00,GATE-01,ZONE-AUD,97.5,25,14
2026-06-23T03:15:00+00:00,GATE-01,ZONE-AUD,80.2,23,8
2026-06-23T03:30:00+00:00,GATE-01,ZONE-AUD,124.9,1,14
2026-06-23T03:45:00+00:00,GATE-01,ZONE-AUD,109.0,24,20
2026-06-23T04:00:00+00:00,GATE-01,ZONE-AUD,102.2,33,5
2026-06-23T04:15:00+00:00,GATE-01,ZONE-AUD,104.3,31,22
2026-06-23T04:30:00+00:00,GATE-01,ZONE-AUD,125.5,29,35
2026-06-23T04:45:00+00:00,GATE-01,ZONE-AUD,107.7,20,16
2026-06-23T05:00:00+00:00,GATE-01,ZONE-AUD,135.3,25,27
2026-06-23T05:15:00+00:00,GATE-01,ZONE-AUD,121.9,32,35
2026-06-23T05:30:00+00:00,GATE-01,ZONE-AUD,178.4,28,33
2026-06-23T05:45:00+00:00,GATE-01,ZONE-AUD,143.6,30,12
2026-06-23T06:00:00+00:00,GATE-01,ZONE-AUD,149.0,24,26
2026-06-23T06:15:00+00:00,GATE-01,ZONE-AUD,165.9,45,25
2026-06-23T06:30:00+00:00,GATE-01,ZONE-AUD,170.3,29,26
2026-06-23T06:45:00+00:00,GATE-01,ZONE-AUD,176.5,31,29
2026-06-23T07:00:00+00:00,GATE-01,ZONE-AUD,167.0,42,22
2026-06-23T07:15:00+00:00,GATE-01,ZONE-AUD,153.8,29,37
2026-06-23T07:30:00+00:00,GATE-01,ZONE-AUD,170.0,48,35
2026-06-23T07:45:00+00:00,GATE-01,ZONE-AUD,186.1,35,37
2026-06-23T08:00:00+00:00,GATE-01,ZONE-AUD,155.3,33,20
2026-06-23T08:15:00+00:00,GATE-01,ZONE-AUD,174.7,31,46
2026-06-23T08:30:00+00:00,GATE-01,ZONE-AUD,179.1,38,34
2026-06-23T08:45:00+00:00,GATE-01,ZONE-AUD,172.3,42,35
2026-06-23T09:00:00+00:00,GATE-01,ZONE-AUD,191.3,31,36
2026-06-23T09:15:00+00:00,GATE-01,ZONE-AUD,167.9,38,39
2026-06-23T09:30:00+00:00,GATE-01,ZONE-AUD,187.5,35,27
2026-06-23T09:45:00+00:00,GATE-01,ZONE-AUD,148.8,39,35
2026-06-23T10:00:00+00:00,GATE-01,ZONE-AUD,203.5,45,37
2026-06-23T10:15:00+00:00,GATE-01,ZONE-AUD,137.5,40,26
2026-06-23T10:30:00+00:00,GATE-01,ZONE-AUD,184.8,28,31
2026-06-23T10:45:00+00:00,GATE-01,ZONE-AUD,187.8,35,32
2026-06-23T11:00:00+00:00,GATE-01,ZONE-AUD,159.4,46,34
2026-06-23T11:15:00+00:00,GATE-01,ZONE-AUD,188.8,34,35
2026-06-23T11:30:00+00:00,GATE-01,ZONE-AUD,197.0,35,31
2026-06-23T11:45:00+00:00,GATE-01,ZONE-AUD,140.6,44,31
2026-06-23T12:00:00+00:00,GATE-01,ZONE-AUD,205.8,36,41
2026-06-23T12:15:00+00:00,GATE-01,ZONE-AUD,171.0,33,32
2026-06-23T12:30:00+00:00,GATE-01,ZONE-AUD,191.0,31,21
2026-06-23T12:45:00+00:00,GATE-01,ZONE-AUD,173.1,32,36
2026-06-23T13:00:00+00:00,GATE-01,ZONE-AUD,174.6,43,27
2026-06-23T13:15:00+00:00,GATE-01,ZONE-AUD,177.9,41,22
2026-06-23T13:30:00+00:00,GATE-01,ZONE-AUD,171.8,36,27
2026-06-23T13:45:00+00:00,GATE-01,ZONE-AUD,169.0,26,38
2026-06-23T14:00:00+00:00,GATE-01,ZONE-AUD,158.9,27,40
2026-06-23T14:15:00+00:00,GATE-01,ZONE-AUD,141.1,33,40
2026-06-23T14:30:00+00:00,GATE-01,ZONE-AUD,138.0,33,17
2026-06-23T14:45:00+00:00,GATE-01,ZONE-AUD,151.3,21,31
2026-06-23T15:00:00+00:00,GATE-01,ZONE-AUD,145.3,32,19
2026-06-23T15:15:00+00:00,GATE-01,ZONE-AUD,105.2,24,31
2026-06-23T15:30:00+00:00,GATE-01,ZONE-AUD,111.0,31,29
2026-06-23T15:45:00+00:00,GATE-01,ZONE-AUD,116.5,28,16
2026-06-23T16:00:00+00:00,GATE-01,ZONE-AUD,115.7,19,18
2026-06-23T16:15:00+00:00,GATE-01,ZONE-AUD,94.5,23,17
2026-06-23T16:30:00+00:00,GATE-01,ZONE-AUD,112.3,28,14
2026-06-23T16:45:00+00:00,GATE-01,ZONE-AUD,81.5,26,31
2026-06-23T17:00:00+00:00,GATE-01,ZONE-AUD,114.9,13,13
2026-06-23T17:15:00+00:00,GATE-01,ZONE-AUD,69.9,13,10
2026-06-23T17:30:00+00:00,GATE-01,ZONE-AUD,55.3,14,15
2026-06-23T17:45:00+00:00,GATE-01,ZONE-AUD,124.6,21,15
2026-06-23T18:00:00+00:00,GATE-01,ZONE-AUD,63.2,22,8
2026-06-23T18:15:00+00:00,GATE-01,ZONE-AUD,63.6,21,2
2026-06-23T18:30:00+00:00,GATE-01,ZONE-AUD,43.1,6,13
2026-06-23T18:45:00+00:00,GATE-01,ZONE-AUD,86.8,11,6
2026-06-23T19:00:00+00:00,GATE-01,ZONE-AUD,18.7,1,8
2026-06-23T19:15:00+00:00,GATE-01,ZONE-AUD,44.4,0,0
2026-06-23T19:30:00+00:00,GATE-01,ZONE-AUD,36.3,0,3
2026-06-23T19:45:00+00:00,GATE-01,ZONE-AUD,38.3,13,0
2026-06-23T20:00:00+00:00,GATE-01,ZONE-AUD,20.2,0,7
2026-06-23T20:15:00+00:00,GATE-01,ZONE-AUD,20.2,2,16
2026-06-23T20:30:00+00:00,GATE-01,ZONE-AUD,49.7,0,0
2026-06-23T20:45:00+00:00,GATE-01,ZONE-AUD,38.2,4,10
2026-06-23T21:00:00+00:00,GATE-01,ZONE-AUD,33.2,9,2
2026-06-23T21:15:00+00:00,GATE-01,ZONE-AUD,19.6,0,4
2026-06-23T21:30:00+00:00,GATE-01,ZONE-AUD,34.4,0,0
2026-06-23T21:45:00+00:00,GATE-01,ZONE-AUD,47.7,0,0
2026-06-23T22:00:00+00:00,GATE-01,ZONE-AUD,22.8,0,0
2026-06-23T22:15:00+00:00,GATE-01,ZONE-AUD,22.6,1,0
2026-06-23T22:30:00+00:00,GATE-01,ZONE-AUD,8.0,0,0
2026-06-23T22:45:00+00:00,GATE-01,ZONE-AUD,0.0,0,0
2026-06-23T23:00:00+00:00,GATE-01,ZONE-AUD,26.2,3,1
2026-06-23T23:15:00+00:00,GATE-01,ZONE-AUD,4.4,2,2
2026-06-23T23:30:00+00:00,GATE-01,ZONE-AUD,48.9,0,6
2026-06-23T23:45:00+00:00,GATE-01,ZONE-AUD,8.5,0,0
2026-06-23T00:00:00+00:00,GATE-02,ZONE-EXPO,7.1,3,10
2026-06-23T00:15:00+00:00,GATE-02,ZONE-EXPO,30.4,0,0
2026-06-23T00:30:00+00:00,GATE-02,ZONE-EXPO,20.8,1,6
2026-06-23T00:45:00+00:00,GATE-02,ZONE-EXPO,59.3,7,3
2026-06-23T01:00:00+00:00,GATE-02,ZONE-EXPO,53.7,2,12
2026-06-23T01:15:00+00:00,GATE-02,ZONE-EXPO,68.6,6,1
2026-06-23T01:30:00+00:00,GATE-02,ZONE-EXPO,52.2,15,9
2026-06-23T01:45:00+00:00,GATE-02,ZONE-EXPO,75.4,10,12
2026-06-23T02:00:00+00:00,GATE-02,ZONE-EXPO,77.7,7,14
2026-06-23T02:15:00+00:00,GATE-02,ZONE-EXPO,101.6,22,8
2026-06-23T02:30:00+00:00,GATE-02,ZONE-EXPO,73.6,32,14
2026-06-23T02:45:00+00:00,GATE-02,ZONE-EXPO,77.0,19,3
2026-06-23T03:00:00+00:00,GATE-02,ZONE-EXPO,77.7,8,16
2026-06-23T03:15:00+00:00,GATE-02,ZONE-EXPO,97.7,24,26
2026-06-23T03:30:00+00:00,GATE-02,ZONE-EXPO,91.8,15,9
2026-06-23T03:45:00+00:00,GATE-02,ZONE-EXPO,112.3,29,20
2026-06-23T04:00:00+00:00,GATE-02,ZONE-EXPO,118.4,27,14
2026-06-23T04:15:00+00:00,GATE-02,ZONE-EXPO,131.6,20,15
2026-06-23T04:30:00+00:00,GATE-02,ZONE-EXPO,125.4,18,31
2026-06-23T04:45:00+00:00,GATE-02,ZONE-EXPO,143.3,16,17
2026-06-23T05:00:00+00:00,GATE-02,ZONE-EXPO,114.6,31,30
2026-06-23T05:15:00+00:00,GATE-02,ZONE-EXPO,176.7,28,31
2026-06-23T05:30:00+00:00,GATE-02,ZONE-EXPO,126.4,35,32
2026-06-23T05:45:00+00:00,GATE-02,ZONE-EXPO,150.8,23,39
2026-06-23T06:00:00+00:00,GATE-02,ZONE-EXPO,145.8,30,30
2026-06-23T06:15:00+00:00,GATE-02,ZONE-EXPO,132.7,27,24
2026-06-23T06:30:00+00:00,GATE-02,ZONE-EXPO,177.3,27,20
2026-06-23T06:45:00+00:00,GATE-02,ZONE-EXPO,154.2,33,24
2026-06-23T07:00:00+00:00,GATE-02,ZONE-EXPO,160.1,36,24
2026-06-23T07:15:00+00:00,GATE-02,ZONE-EXPO,162.4,46,32
2026-06-23T07:30:00+00:00,GATE-02,ZONE-EXPO,167.2,20,35
2026-06-23T07:45:00+00:00,GATE-02,ZONE-EXPO,174.6,42,27
2026-06-23T08:00:00+00:00,GATE-02,ZONE-EXPO,164.9,38,33
2026-06-23T08:15:00+00:00,GATE-02,ZONE-EXPO,182.8,43,36
2026-06-23T08:30:00+00:00,GATE-02,ZONE-EXPO,190.3,37,34
2026-06-23T08:45:00+00:00,GATE-02,ZONE-EXPO,170.0,37,37
2026-06-23T09:00:00+00:00,GATE-02,ZONE-EXPO,150.1,43,33
2026-06-23T09:15:00+00:00,GATE-02,ZONE-EXPO,195.8,47,34
2026-06-23T09:30:00+00:00,GATE-02,ZONE-EXPO,203.9,36,41
2026-06-23T09:45:00+00:00,GATE-02,ZONE-EXPO,169.4,48,36
2026-06-23T10:00:00+00:00,GATE-02,ZONE-EXPO,197.3,44,38
2026-06-23T10:15:00+00:00,GATE-02,ZONE-EXPO,175.0,32,35
2026-06-23T10:30:00+00:00,GATE-02,ZONE-EXPO,193.3,41,26
2026-06-23T10:45:00+00:00,GATE-02,ZONE-EXPO,188.9,33,37
2026-06-23T11:00:00+00:00,GATE-02,ZONE-EXPO,183.2,40,39
2026-06-23T11:15:00+00:00,GATE-02,ZONE-EXPO,184.1,28,38
2026-06-23T11:30:00+00:00,GATE-02,ZONE-EXPO,185.8,31,30
2026-06-23T11:45:00+00:00,GATE-02,ZONE-EXPO,179.1,33,37
2026-06-23T12:00:00+00:00,GATE-02,ZONE-EXPO,158.7,30,49
2026-06-23T12:15:00+00:00,GATE-02,ZONE-EXPO,137.3,32,33
2026-06-23T12:30:00+00:00,GATE-02,ZONE-EXPO,151.1,41,32
2026-06-23T12:45:00+00:00,GATE-02,ZONE-EXPO,161.6,36,19
2026-06-23T13:00:00+00:00,GATE-02,ZONE-EXPO,155.2,23,13
2026-06-23T13:15:00+00:00,GATE-02,ZONE-EXPO,166.2,31,32
2026-06-23T13:30:00+00:00,GATE-02,ZONE-EXPO,154.3,33,35
2026-06-23T13:45:00+00:00,GATE-02,ZONE-EXPO,157.5,33,16
2026-06-23T14:00:00+00:00,GATE-02,ZONE-EXPO,143.1,40,29
2026-06-23T14:15:00+00:00,GATE-02,ZONE-EXPO,149.2,37,20
2026-06-23T14:30:00+00:00,GATE-02,ZONE-EXPO,108.6,35,31
2026-06-23T14:45:00+00:00,GATE-02,ZONE-EXPO,143.8,29,17
2026-06-23T15:00:00+00:00,GATE-02,ZONE-EXPO,112.9,26,19
2026-06-23T15:15:00+00:00,GATE-02,ZONE-EXPO,114.1,23,16
2026-06-23T15:30:00+00:00,GATE-02,ZONE-EXPO,110.8,26,28
2026-06-23T15:45:00+00:00,GATE-02,ZONE-EXPO,134.6,17,12
2026-06-23T16:00:00+00:00,GATE-02,ZONE-EXPO,99.6,33,24
2026-06-23T16:15:00+00:00,GATE-02,ZONE-EXPO,108.0,17,10
2026-06-23T16:30:00+00:00,GATE-02,ZONE-EXPO,107.1,18,21
2026-06-23T16:45:00+00:00,GATE-02,ZONE-EXPO,112.2,21,13
2026-06-23T17:00:00+00:00,GATE-02,ZONE-EXPO,91.3,20,17
2026-06-23T17:15:00+00:00,GATE-02,ZONE-EXPO,91.0,12,12
2026-06-23T17:30:00+00:00,GATE-02,ZONE-EXPO,87.4,0,16
2026-06-23T17:45:00+00:00,GATE-02,ZONE-EXPO,95.3,11,9
2026-06-23T18:00:00+00:00,GATE-02,ZONE-EXPO,67.1,9,11
2026-06-23T18:15:00+00:00,GATE-02,ZONE-EXPO,61.5,7,8
2026-06-23T18:30:00+00:00,GATE-02,ZONE-EXPO,75.4,10,9
2026-06-23T18:45:00+00:00,GATE-02,ZONE-EXPO,41.9,13,7
2026-06-23T19:00:00+00:00,GATE-02,ZONE-EXPO,54.4,10,11
2026-06-23T19:15:00+00:00,GATE-02,ZONE-EXPO,59.6,10,5
2026-06-23T19:30:00+00:00,GATE-02,ZONE-EXPO,59.6,6,14
2026-06-23T19:45:00+00:00,GATE-02,ZONE-EXPO,31.1,0,0
2026-06-23T20:00:00+00:00,GATE-02,ZONE-EXPO,53.5,0,0
2026-06-23T20:15:00+00:00,GATE-02,ZONE-EXPO,31.8,0,0
2026-06-23T20:30:00+00:00,GATE-02,ZONE-EXPO,9.4,0,0
2026-06-23T20:45:00+00:00,GATE-02,ZONE-EXPO,12.1,0,0
2026-06-23T21:00:00+00:00,GATE-02,ZONE-EXPO,19.3,2,0
2026-06-23T21:15:00+00:00,GATE-02,ZONE-EXPO,33.8,0,4
2026-06-23T21:30:00+00:00,GATE-02,ZONE-EXPO,10.1,0,2
2026-06-23T21:45:00+00:00,GATE-02,ZONE-EXPO,9.5,0,0
2026-06-23T22:00:00+00:00,GATE-02,ZONE-EXPO,26.5,3,1
2026-06-23T22:15:00+00:00,GATE-02,ZONE-EXPO,2.6,6,0
2026-06-23T22:30:00+00:00,GATE-02,ZONE-EXPO,43.1,1,0
2026-06-23T22:45:00+00:00,GATE-02,ZONE-EXPO,28.7,0,6
2026-06-23T23:00:00+00:00,GATE-02,ZONE-EXPO,33.6,0,2
2026-06-23T23:15:00+00:00,GATE-02,ZONE-EXPO,46.7,0,0
2026-06-23T23:30:00+00:00,GATE-02,ZONE-EXPO,13.3,5,2
2026-06-23T23:45:00+00:00,GATE-02,ZONE-EXPO,29.6,7,5
2026-06-23T00:00:00+00:00,GATE-03,ZONE-STARTUP,33.8,0,0
2026-06-23T00:15:00+00:00,GATE-03,ZONE-STARTUP,31.9,3,13
2026-06-23T00:30:00+00:00,GATE-03,ZONE-STARTUP,48.8,7,0
2026-06-23T00:45:00+00:00,GATE-03,ZONE-STARTUP,35.0,8,11
2026-06-23T01:00:00+00:00,GATE-03,ZONE-STARTUP,51.2,2,0
2026-06-23T01:15:00+00:00,GATE-03,ZONE-STARTUP,92.8,6,0
2026-06-23T01:30:00+00:00,GATE-03,ZONE-STARTUP,70.6,10,1
2026-06-23T01:45:00+00:00,GATE-03,ZONE-STARTUP,74.2,16,0
2026-06-23T02:00:00+00:00,GATE-03,ZONE-STARTUP,68.3,12,18
2026-06-23T02:15:00+00:00,GATE-03,ZONE-STARTUP,85.0,12,17
2026-06-23T02:30:00+00:00,GATE-03,ZONE-STARTUP,71.2,16,4
2026-06-23T02:45:00+00:00,GATE-03,ZONE-STARTUP,104.8,9,11
2026-06-23T03:00:00+00:00,GATE-03,ZONE-STARTUP,90.2,24,16
2026-06-23T03:15:00+00:00,GATE-03,ZONE-STARTUP,116.4,17,19
2026-06-23T03:30:00+00:00,GATE-03,ZONE-STARTUP,101.7,29,16
2026-06-23T03:45:00+00:00,GATE-03,ZONE-STARTUP,97.8,16,14
2026-06-23T04:00:00+00:00,GATE-03,ZONE-STARTUP,108.5,28,27
2026-06-23T04:15:00+00:00,GATE-03,ZONE-STARTUP,152.1,14,22
2026-06-23T04:30:00+00:00,GATE-03,ZONE-STARTUP,100.6,29,29
2026-06-23T04:45:00+00:00,GATE-03,ZONE-STARTUP,139.8,20,17
2026-06-23T05:00:00+00:00,GATE-03,ZONE-STARTUP,140.9,33,30
2026-06-23T05:15:00+00:00,GATE-03,ZONE-STARTUP,107.3,30,21
2026-06-23T05:30:00+00:00,GATE-03,ZONE-STARTUP,134.7,40,26
2026-06-23T05:45:00+00:00,GATE-03,ZONE-STARTUP,163.1,28,31
2026-06-23T06:00:00+00:00,GATE-03,ZONE-STARTUP,168.2,37,35
2026-06-23T06:15:00+00:00,GATE-03,ZONE-STARTUP,151.4,16,27
2026-06-23T06:30:00+00:00,GATE-03,ZONE-STARTUP,165.2,40,29
2026-06-23T06:45:00+00:00,GATE-03,ZONE-STARTUP,174.9,33,31
2026-06-23T07:00:00+00:00,GATE-03,ZONE-STARTUP,165.7,34,30
2026-06-23T07:15:00+00:00,GATE-03,ZONE-STARTUP,190.1,37,32
2026-06-23T07:30:00+00:00,GATE-03,ZONE-STARTUP,162.2,34,28
2026-06-23T07:45:00+00:00,GATE-03,ZONE-STARTUP,160.4,37,29
2026-06-23T08:00:00+00:00,GATE-03,ZONE-STARTUP,178.6,31,38
2026-06-23T08:15:00+00:00,GATE-03,ZONE-STARTUP,165.1,38,29
2026-06-23T08:30:00+00:00,GATE-03,ZONE-STARTUP,154.8,40,38
2026-06-23T08:45:00+00:00,GATE-03,ZONE-STARTUP,161.0,50,21
2026-06-23T09:00:00+00:00,GATE-03,ZONE-STARTUP,185.9,35,34
2026-06-23T09:15:00+00:00,GATE-03,ZONE-STARTUP,194.9,43,30
2026-06-23T09:30:00+00:00,GATE-03,ZONE-STARTUP,176.3,39,36
2026-06-23T09:45:00+00:00,GATE-03,ZONE-STARTUP,169.5,39,39
2026-06-23T10:00:00+00:00,GATE-03,ZONE-STARTUP,179.9,43,33
2026-06-23T10:15:00+00:00,GATE-03,ZONE-STARTUP,175.3,53,39
2026-06-23T10:30:00+00:00,GATE-03,ZONE-STARTUP,192.2,44,22
2026-06-23T10:45:00+00:00,GATE-03,ZONE-STARTUP,167.1,39,25
2026-06-23T11:00:00+00:00,GATE-03,ZONE-STARTUP,185.0,33,34
2026-06-23T11:15:00+00:00,GATE-03,ZONE-STARTUP,201.7,48,32
2026-06-23T11:30:00+00:00,GATE-03,ZONE-STARTUP,168.0,33,35
2026-06-23T11:45:00+00:00,GATE-03,ZONE-STARTUP,160.6,38,30
2026-06-23T12:00:00+00:00,GATE-03,ZONE-STARTUP,181.6,36,30
2026-06-23T12:15:00+00:00,GATE-03,ZONE-STARTUP,184.8,34,36
2026-06-23T12:30:00+00:00,GATE-03,ZONE-STARTUP,159.5,43,33
2026-06-23T12:45:00+00:00,GATE-03,ZONE-STARTUP,183.6,31,41
2026-06-23T13:00:00+00:00,GATE-03,ZONE-STARTUP,199.3,31,34
2026-06-23T13:15:00+00:00,GATE-03,ZONE-STARTUP,174.4,42,39
2026-06-23T13:30:00+00:00,GATE-03,ZONE-STARTUP,139.4,30,32
2026-06-23T13:45:00+00:00,GATE-03,ZONE-STARTUP,146.7,37,30
2026-06-23T14:00:00+00:00,GATE-03,ZONE-STARTUP,150.5,39,24
2026-06-23T14:15:00+00:00,GATE-03,ZONE-STARTUP,111.7,19,22
2026-06-23T14:30:00+00:00,GATE-03,ZONE-STARTUP,103.4,28,38
2026-06-23T14:45:00+00:00,GATE-03,ZONE-STARTUP,178.2,35,19
2026-06-23T15:00:00+00:00,GATE-03,ZONE-STARTUP,134.3,35,26
2026-06-23T15:15:00+00:00,GATE-03,ZONE-STARTUP,120.3,33,21
2026-06-23T15:30:00+00:00,GATE-03,ZONE-STARTUP,112.3,15,26
2026-06-23T15:45:00+00:00,GATE-03,ZONE-STARTUP,129.2,27,23
2026-06-23T16:00:00+00:00,GATE-03,ZONE-STARTUP,102.5,32,30
2026-06-23T16:15:00+00:00,GATE-03,ZONE-STARTUP,141.7,13,16
2026-06-23T16:30:00+00:00,GATE-03,ZONE-STARTUP,99.8,24,19
2026-06-23T16:45:00+00:00,GATE-03,ZONE-STARTUP,115.9,23,12
2026-06-23T17:00:00+00:00,GATE-03,ZONE-STARTUP,94.6,12,16
2026-06-23T17:15:00+00:00,GATE-03,ZONE-STARTUP,91.8,16,5
2026-06-23T17:30:00+00:00,GATE-03,ZONE-STARTUP,75.9,14,18
2026-06-23T17:45:00+00:00,GATE-03,ZONE-STARTUP,88.7,7,10
2026-06-23T18:00:00+00:00,GATE-03,ZONE-STARTUP,64.2,13,9
2026-06-23T18:15:00+00:00,GATE-03,ZONE-STARTUP,68.0,9,0
2026-06-23T18:30:00+00:00,GATE-03,ZONE-STARTUP,43.3,10,15
2026-06-23T18:45:00+00:00,GATE-03,ZONE-STARTUP,66.2,0,14
2026-06-23T19:00:00+00:00,GATE-03,ZONE-STARTUP,66.1,13,8
2026-06-23T19:15:00+00:00,GATE-03,ZONE-STARTUP,24.1,2,13
2026-06-23T19:30:00+00:00,GATE-03,ZONE-STARTUP,74.9,0,0
2026-06-23T19:45:00+00:00,GATE-03,ZONE-STARTUP,31.9,6,0
2026-06-23T20:00:00+00:00,GATE-03,ZONE-STARTUP,39.4,0,10
2026-06-23T20:15:00+00:00,GATE-03,ZONE-STARTUP,38.1,8,5
2026-06-23T20:30:00+00:00,GATE-03,ZONE-STARTUP,8.0,0,0
2026-06-23T20:45:00+00:00,GATE-03,ZONE-STARTUP,27.8,6,3
2026-06-23T21:00:00+00:00,GATE-03,ZONE-STARTUP,45.1,0,3
2026-06-23T21:15:00+00:00,GATE-03,ZONE-STARTUP,26.0,4,11
2026-06-23T21:30:00+00:00,GATE-03,ZONE-STARTUP,17.4,7,10
2026-06-23T21:45:00+00:00,GATE-03,ZONE-STARTUP,25.5,5,6
2026-06-23T22:00:00+00:00,GATE-03,ZONE-STARTUP,28.8,3,2
2026-06-23T22:15:00+00:00,GATE-03,ZONE-STARTUP,25.6,0,1
2026-06-23T22:30:00+00:00,GATE-03,ZONE-STARTUP,45.0,13,0
2026-06-23T22:45:00+00:00,GATE-03,ZONE-STARTUP,16.6,0,3
2026-06-23T23:00:00+00:00,GATE-03,ZONE-STARTUP,8.9,6,3
2026-06-23T23:15:00+00:00,GATE-03,ZONE-STARTUP,3.1,0,0
2026-06-23T23:30:00+00:00,GATE-03,ZONE-STARTUP,31.3,0,0
2026-06-23T23:45:00+00:00,GATE-03,ZONE-STARTUP,19.6,7,7
2026-06-23T00:00:00+00:00,GATE-04,ZONE-LAB,7.6,0,3
2026-06-23T00:15:00+00:00,GATE-04,ZONE-LAB,35.8,0,0
2026-06-23T00:30:00+00:00,GATE-04,ZONE-LAB,39.7,4,7
2026-06-23T00:45:00+00:00,GATE-04,ZONE-LAB,35.8,0,1
2026-06-23T01:00:00+00:00,GATE-04,ZONE-LAB,38.8,7,4
2026-06-23T01:15:00+00:00,GATE-04,ZONE-LAB,72.0,18,8
2026-06-23T01:30:00+00:00,GATE-04,ZONE-LAB,55.6,17,11
2026-06-23T01:45:00+00:00,GATE-04,ZONE-LAB,37.1,10,0
2026-06-23T02:00:00+00:00,GATE-04,ZONE-LAB,89.5,17,5
2026-06-23T02:15:00+00:00,GATE-04,ZONE-LAB,64.5,2,20
2026-06-23T02:30:00+00:00,GATE-04,ZONE-LAB,75.0,19,21
2026-06-23T02:45:00+00:00,GATE-04,ZONE-LAB,80.2,11,17
2026-06-23T03:00:00+00:00,GATE-04,ZONE-LAB,100.2,26,22
2026-06-23T03:15:00+00:00,GATE-04,ZONE-LAB,112.0,9,14
2026-06-23T03:30:00+00:00,GATE-04,ZONE-LAB,110.0,18,22
2026-06-23T03:45:00+00:00,GATE-04,ZONE-LAB,101.8,19,15
2026-06-23T04:00:00+00:00,GATE-04,ZONE-LAB,114.6,18,32
2026-06-23T04:15:00+00:00,GATE-04,ZONE-LAB,138.0,19,21
2026-06-23T04:30:00+00:00,GATE-04,ZONE-LAB,142.2,32,27
2026-06-23T04:45:00+00:00,GATE-04,ZONE-LAB,127.1,31,26
2026-06-23T05:00:00+00:00,GATE-04,ZONE-LAB,141.2,28,17
2026-06-23T05:15:00+00:00,GATE-04,ZONE-LAB,127.8,26,27
2026-06-23T05:30:00+00:00,GATE-04,ZONE-LAB,147.9,32,31
2026-06-23T05:45:00+00:00,GATE-04,ZONE-LAB,148.0,20,13
2026-06-23T06:00:00+00:00,GATE-04,ZONE-LAB,134.4,29,15
2026-06-23T06:15:00+00:00,GATE-04,ZONE-LAB,152.1,24,23
2026-06-23T06:30:00+00:00,GATE-04,ZONE-LAB,139.2,33,33
2026-06-23T06:45:00+00:00,GATE-04,ZONE-LAB,171.3,36,28
2026-06-23T07:00:00+00:00,GATE-04,ZONE-LAB,161.0,27,24
2026-06-23T07:15:00+00:00,GATE-04,ZONE-LAB,146.9,43,29
2026-06-23T07:30:00+00:00,GATE-04,ZONE-LAB,177.4,40,26
2026-06-23T07:45:00+00:00,GATE-04,ZONE-LAB,185.7,36,31
2026-06-23T08:00:00+00:00,GATE-04,ZONE-LAB,165.4,31,35
2026-06-23T08:15:00+00:00,GATE-04,ZONE-LAB,188.7,29,30
2026-06-23T08:30:00+00:00,GATE-04,ZONE-LAB,193.5,47,29
2026-06-23T08:45:00+00:00,GATE-04,ZONE-LAB,163.5,31,33
2026-06-23T09:00:00+00:00,GATE-04,ZONE-LAB,187.2,39,35
2026-06-23T09:15:00+00:00,GATE-04,ZONE-LAB,168.2,27,47
2026-06-23T09:30:00+00:00,GATE-04,ZONE-LAB,175.4,33,36
2026-06-23T09:45:00+00:00,GATE-04,ZONE-LAB,193.2,42,30
2026-06-23T10:00:00+00:00,GATE-04,ZONE-LAB,168.8,37,40
2026-06-23T10:15:00+00:00,GATE-04,ZONE-LAB,185.3,46,35
2026-06-23T10:30:00+00:00,GATE-04,ZONE-LAB,151.7,38,35
2026-06-23T10:45:00+00:00,GATE-04,ZONE-LAB,176.9,35,41
2026-06-23T11:00:00+00:00,GATE-04,ZONE-LAB,187.5,35,36
2026-06-23T11:15:00+00:00,GATE-04,ZONE-LAB,174.0,47,34
2026-06-23T11:30:00+00:00,GATE-04,ZONE-LAB,138.1,27,34
2026-06-23T11:45:00+00:00,GATE-04,ZONE-LAB,173.9,37,35
2026-06-23T12:00:00+00:00,GATE-04,ZONE-LAB,185.7,43,32
2026-06-23T12:15:00+00:00,GATE-04,ZONE-LAB,173.0,32,27
2026-06-23T12:30:00+00:00,GATE-04,ZONE-LAB,176.8,38,21
2026-06-23T12:45:00+00:00,GATE-04,ZONE-LAB,177.2,37,32
2026-06-23T13:00:00+00:00,GATE-04,ZONE-LAB,176.1,38,20
2026-06-23T13:15:00+00:00,GATE-04,ZONE-LAB,164.3,35,28
2026-06-23T13:30:00+00:00,GATE-04,ZONE-LAB,136.7,27,34
2026-06-23T13:45:00+00:00,GATE-04,ZONE-LAB,138.0,37,36
2026-06-23T14:00:00+00:00,GATE-04,ZONE-LAB,149.3,35,24
2026-06-23T14:15:00+00:00,GATE-04,ZONE-LAB,149.2,32,29
2026-06-23T14:30:00+00:00,GATE-04,ZONE-LAB,137.2,21,24
2026-06-23T14:45:00+00:00,GATE-04,ZONE-LAB,109.5,30,23
2026-06-23T15:00:00+00:00,GATE-04,ZONE-LAB,108.5,23,31
2026-06-23T15:15:00+00:00,GATE-04,ZONE-LAB,142.4,31,23
2026-06-23T15:30:00+00:00,GATE-04,ZONE-LAB,121.8,23,24
2026-06-23T15:45:00+00:00,GATE-04,ZONE-LAB,125.0,25,22
2026-06-23T16:00:00+00:00,GATE-04,ZONE-LAB,140.2,25,16
2026-06-23T16:15:00+00:00,GATE-04,ZONE-LAB,92.9,20,16
2026-06-23T16:30:00+00:00,GATE-04,ZONE-LAB,113.5,19,20
2026-06-23T16:45:00+00:00,GATE-04,ZONE-LAB,139.0,11,3
2026-06-23T17:00:00+00:00,GATE-04,ZONE-LAB,80.1,25,21
2026-06-23T17:15:00+00:00,GATE-04,ZONE-LAB,85.8,33,17
2026-06-23T17:30:00+00:00,GATE-04,ZONE-LAB,68.6,16,10
2026-06-23T17:45:00+00:00,GATE-04,ZONE-LAB,87.7,9,12
2026-06-23T18:00:00+00:00,GATE-04,ZONE-LAB,70.7,1,6
2026-06-23T18:15:00+00:00,GATE-04,ZONE-LAB,38.5,17,28
2026-06-23T18:30:00+00:00,GATE-04,ZONE-LAB,71.8,12,1
2026-06-23T18:45:00+00:00,GATE-04,ZONE-LAB,60.9,8,10
2026-06-23T19:00:00+00:00,GATE-04,ZONE-LAB,38.5,3,23
2026-06-23T19:15:00+00:00,GATE-04,ZONE-LAB,44.1,0,9
2026-06-23T19:30:00+00:00,GATE-04,ZONE-LAB,10.8,1,0
2026-06-23T19:45:00+00:00,GATE-04,ZONE-LAB,27.1,4,0
2026-06-23T20:00:00+00:00,GATE-04,ZONE-LAB,29.4,1,0
2026-06-23T20:15:00+00:00,GATE-04,ZONE-LAB,62.1,5,0
2026-06-23T20:30:00+00:00,GATE-04,ZONE-LAB,40.3,0,0
2026-06-23T20:45:00+00:00,GATE-04,ZONE-LAB,25.3,1,0
2026-06-23T21:00:00+00:00,GATE-04,ZONE-LAB,28.2,0,0
2026-06-23T21:15:00+00:00,GATE-04,ZONE-LAB,16.0,16,2
2026-06-23T21:30:00+00:00,GATE-04,ZONE-LAB,1.1,0,0
2026-06-23T21:45:00+00:00,GATE-04,ZONE-LAB,45.2,0,1
2026-06-23T22:00:00+00:00,GATE-04,ZONE-LAB,6.6,0,0
2026-06-23T22:15:00+00:00,GATE-04,ZONE-LAB,28.4,0,6
2026-06-23T22:30:00+00:00,GATE-04,ZONE-LAB,14.0,8,0
2026-06-23T22:45:00+00:00,GATE-04,ZONE-LAB,14.2,0,0
2026-06-23T23:00:00+00:00,GATE-04,ZONE-LAB,41.2,0,1
2026-06-23T23:15:00+00:00,GATE-04,ZONE-LAB,31.2,5,0
2026-06-23T23:30:00+00:00,GATE-04,ZONE-LAB,43.9,1,0
2026-06-23T23:45:00+00:00,GATE-04,ZONE-LAB,42.5,0,11
2026-06-23T00:00:00+00:00,GATE-05,ZONE-ASPEN,36.9,0,5
2026-06-23T00:15:00+00:00,GATE-05,ZONE-ASPEN,45.4,7,6
2026-06-23T00:30:00+00:00,GATE-05,ZONE-ASPEN,42.9,0,0
2026-06-23T00:45:00+00:00,GATE-05,ZONE-ASPEN,24.9,4,4
2026-06-23T01:00:00+00:00,GATE-05,ZONE-ASPEN,50.3,8,5
2026-06-23T01:15:00+00:00,GATE-05,ZONE-ASPEN,47.9,15,8
2026-06-23T01:30:00+00:00,GATE-05,ZONE-ASPEN,74.7,8,6
2026-06-23T01:45:00+00:00,GATE-05,ZONE-ASPEN,64.1,8,16
2026-06-23T02:00:00+00:00,GATE-05,ZONE-ASPEN,69.8,16,6
2026-06-23T02:15:00+00:00,GATE-05,ZONE-ASPEN,71.2,18,17
2026-06-23T02:30:00+00:00,GATE-05,ZONE-ASPEN,70.9,20,18
2026-06-23T02:45:00+00:00,GATE-05,ZONE-ASPEN,118.6,4,24
2026-06-23T03:00:00+00:00,GATE-05,ZONE-ASPEN,118.2,8,14
2026-06-23T03:15:00+00:00,GATE-05,ZONE-ASPEN,79.1,24,20
2026-06-23T03:30:00+00:00,GATE-05,ZONE-ASPEN,101.7,15,12
2026-06-23T03:45:00+00:00,GATE-05,ZONE-ASPEN,105.2,25,20
2026-06-23T04:00:00+00:00,GATE-05,ZONE-ASPEN,114.8,20,29
2026-06-23T04:15:00+00:00,GATE-05,ZONE-ASPEN,124.2,19,18
2026-06-23T04:30:00+00:00,GATE-05,ZONE-ASPEN,104.3,20,26
2026-06-23T04:45:00+00:00,GATE-05,ZONE-ASPEN,149.3,39,24
2026-06-23T05:00:00+00:00,GATE-05,ZONE-ASPEN,130.8,29,22
2026-06-23T05:15:00+00:00,GATE-05,ZONE-ASPEN,151.1,25,24
2026-06-23T05:30:00+00:00,GATE-05,ZONE-ASPEN,145.4,30,24
2026-06-23T05:45:00+00:00,GATE-05,ZONE-ASPEN,137.9,34,27
2026-06-23T06:00:00+00:00,GATE-05,ZONE-ASPEN,160.2,26,28
2026-06-23T06:15:00+00:00,GATE-05,ZONE-ASPEN,130.7,42,33
2026-06-23T06:30:00+00:00,GATE-05,ZONE-ASPEN,167.7,33,33
2026-06-23T06:45:00+00:00,GATE-05,ZONE-ASPEN,150.8,32,37
2026-06-23T07:00:00+00:00,GATE-05,ZONE-ASPEN,170.7,32,25
2026-06-23T07:15:00+00:00,GATE-05,ZONE-ASPEN,166.3,42,29
2026-06-23T07:30:00+00:00,GATE-05,ZONE-ASPEN,192.2,41,29
2026-06-23T07:45:00+00:00,GATE-05,ZONE-ASPEN,163.9,34,25
2026-06-23T08:00:00+00:00,GATE-05,ZONE-ASPEN,181.7,37,23
2026-06-23T08:15:00+00:00,GATE-05,ZONE-ASPEN,202.8,38,36
2026-06-23T08:30:00+00:00,GATE-05,ZONE-ASPEN,186.7,42,47
2026-06-23T08:45:00+00:00,GATE-05,ZONE-ASPEN,188.8,39,33
2026-06-23T09:00:00+00:00,GATE-05,ZONE-ASPEN,178.8,30,34
2026-06-23T09:15:00+00:00,GATE-05,ZONE-ASPEN,174.0,42,28
2026-06-23T09:30:00+00:00,GATE-05,ZONE-ASPEN,194.2,30,43
2026-06-23T09:45:00+00:00,GATE-05,ZONE-ASPEN,192.2,41,30
2026-06-23T10:00:00+00:00,GATE-05,ZONE-ASPEN,161.6,30,32
2026-06-23T10:15:00+00:00,GATE-05,ZONE-ASPEN,174.2,39,43
2026-06-23T10:30:00+00:00,GATE-05,ZONE-ASPEN,176.8,40,30
2026-06-23T10:45:00+00:00,GATE-05,ZONE-ASPEN,160.2,41,38
2026-06-23T11:00:00+00:00,GATE-05,ZONE-ASPEN,183.8,43,27
2026-06-23T11:15:00+00:00,GATE-05,ZONE-ASPEN,158.8,22,35
2026-06-23T11:30:00+00:00,GATE-05,ZONE-ASPEN,179.7,30,37
2026-06-23T11:45:00+00:00,GATE-05,ZONE-ASPEN,174.1,25,26
2026-06-23T12:00:00+00:00,GATE-05,ZONE-ASPEN,168.4,35,38
2026-06-23T12:15:00+00:00,GATE-05,ZONE-ASPEN,179.2,43,32
2026-06-23T12:30:00+00:00,GATE-05,ZONE-ASPEN,192.4,26,24
2026-06-23T12:45:00+00:00,GATE-05,ZONE-ASPEN,151.8,29,40
2026-06-23T13:00:00+00:00,GATE-05,ZONE-ASPEN,149.2,34,19
2026-06-23T13:15:00+00:00,GATE-05,ZONE-ASPEN,184.0,32,35
2026-06-23T13:30:00+00:00,GATE-05,ZONE-ASPEN,159.5,18,29
2026-06-23T13:45:00+00:00,GATE-05,ZONE-ASPEN,161.8,36,32
2026-06-23T14:00:00+00:00,GATE-05,ZONE-ASPEN,163.5,35,25
2026-06-23T14:15:00+00:00,GATE-05,ZONE-ASPEN,175.2,35,12
2026-06-23T14:30:00+00:00,GATE-05,ZONE-ASPEN,130.9,29,28
2026-06-23T14:45:00+00:00,GATE-05,ZONE-ASPEN,133.2,30,27
2026-06-23T15:00:00+00:00,GATE-05,ZONE-ASPEN,164.2,22,17
2026-06-23T15:15:00+00:00,GATE-05,ZONE-ASPEN,141.3,23,36
2026-06-23T15:30:00+00:00,GATE-05,ZONE-ASPEN,124.3,29,21
2026-06-23T15:45:00+00:00,GATE-05,ZONE-ASPEN,136.6,21,34
2026-06-23T16:00:00+00:00,GATE-05,ZONE-ASPEN,114.8,21,15
2026-06-23T16:15:00+00:00,GATE-05,ZONE-ASPEN,105.4,25,20
2026-06-23T16:30:00+00:00,GATE-05,ZONE-ASPEN,126.9,29,8
2026-06-23T16:45:00+00:00,GATE-05,ZONE-ASPEN,123.8,27,15
2026-06-23T17:00:00+00:00,GATE-05,ZONE-ASPEN,107.8,23,24
2026-06-23T17:15:00+00:00,GATE-05,ZONE-ASPEN,91.8,19,10
2026-06-23T17:30:00+00:00,GATE-05,ZONE-ASPEN,78.5,15,20
2026-06-23T17:45:00+00:00,GATE-05,ZONE-ASPEN,83.1,5,11
2026-06-23T18:00:00+00:00,GATE-05,ZONE-ASPEN,1552.5,158,46
2026-06-23T18:15:00+00:00,GATE-05,ZONE-ASPEN,1222.4,156,28
2026-06-23T18:30:00+00:00,GATE-05,ZONE-ASPEN,1217.5,148,28
2026-06-23T18:45:00+00:00,GATE-05,ZONE-ASPEN,1384.8,164,31
2026-06-23T19:00:00+00:00,GATE-05,ZONE-ASPEN,1205.3,125,46
2026-06-23T19:15:00+00:00,GATE-05,ZONE-ASPEN,1117.1,130,29
2026-06-23T19:30:00+00:00,GATE-05,ZONE-ASPEN,30.0,10,0
2026-06-23T19:45:00+00:00,GATE-05,ZONE-ASPEN,52.3,2,0
2026-06-23T20:00:00+00:00,GATE-05,ZONE-ASPEN,46.0,0,0
2026-06-23T20:15:00+00:00,GATE-05,ZONE-ASPEN,14.1,10,6
2026-06-23T20:30:00+00:00,GATE-05,ZONE-ASPEN,4.3,1,0
2026-06-23T20:45:00+00:00,GATE-05,ZONE-ASPEN,9.7,0,0
2026-06-23T21:00:00+00:00,GATE-05,ZONE-ASPEN,26.5,5,3
2026-06-23T21:15:00+00:00,GATE-05,ZONE-ASPEN,27.9,2,0
2026-06-23T21:30:00+00:00,GATE-05,ZONE-ASPEN,20.1,0,0
2026-06-23T21:45:00+00:00,GATE-05,ZONE-ASPEN,41.5,0,6
2026-06-23T22:00:00+00:00,GATE-05,ZONE-ASPEN,26.3,3,0
2026-06-23T22:15:00+00:00,GATE-05,ZONE-ASPEN,32.5,0,4
2026-06-23T22:30:00+00:00,GATE-05,ZONE-ASPEN,32.9,12,4
2026-06-23T22:45:00+00:00,GATE-05,ZONE-ASPEN,30.5,6,2
2026-06-23T23:00:00+00:00,GATE-05,ZONE-ASPEN,22.1,0,0
2026-06-23T23:15:00+00:00,GATE-05,ZONE-ASPEN,18.7,0,0
2026-06-23T23:30:00+00:00,GATE-05,ZONE-ASPEN,48.9,8,0
2026-06-23T23:45:00+00:00,GATE-05,ZONE-ASPEN,14.7,5,0
2026-06-23T00:00:00+00:00,GATE-06,ZONE-BILAT,16.6,0,0
2026-06-23T00:15:00+00:00,GATE-06,ZONE-BILAT,72.1,0,0
2026-06-23T00:30:00+00:00,GATE-06,ZONE-BILAT,48.7,0,0
2026-06-23T00:45:00+00:00,GATE-06,ZONE-BILAT,67.7,0,7
2026-06-23T01:00:00+00:00,GATE-06,ZONE-BILAT,61.4,4,6
2026-06-23T01:15:00+00:00,GATE-06,ZONE-BILAT,54.8,10,0
2026-06-23T01:30:00+00:00,GATE-06,ZONE-BILAT,37.8,11,1
2026-06-23T01:45:00+00:00,GATE-06,ZONE-BILAT,87.1,21,11
2026-06-23T02:00:00+00:00,GATE-06,ZONE-BILAT,73.1,22,13
2026-06-23T02:15:00+00:00,GATE-06,ZONE-BILAT,66.9,23,12
2026-06-23T02:30:00+00:00,GATE-06,ZONE-BILAT,76.0,17,11
2026-06-23T02:45:00+00:00,GATE-06,ZONE-BILAT,77.0,15,19
2026-06-23T03:00:00+00:00,GATE-06,ZONE-BILAT,128.1,12,18
2026-06-23T03:15:00+00:00,GATE-06,ZONE-BILAT,99.1,22,5
2026-06-23T03:30:00+00:00,GATE-06,ZONE-BILAT,109.6,27,20
2026-06-23T03:45:00+00:00,GATE-06,ZONE-BILAT,106.9,16,17
2026-06-23T04:00:00+00:00,GATE-06,ZONE-BILAT,125.2,19,22
2026-06-23T04:15:00+00:00,GATE-06,ZONE-BILAT,104.8,22,21
2026-06-23T04:30:00+00:00,GATE-06,ZONE-BILAT,123.5,25,31
2026-06-23T04:45:00+00:00,GATE-06,ZONE-BILAT,115.7,30,20
2026-06-23T05:00:00+00:00,GATE-06,ZONE-BILAT,139.9,33,25
2026-06-23T05:15:00+00:00,GATE-06,ZONE-BILAT,138.2,33,28
2026-06-23T05:30:00+00:00,GATE-06,ZONE-BILAT,151.4,25,33
2026-06-23T05:45:00+00:00,GATE-06,ZONE-BILAT,168.4,33,31
2026-06-23T06:00:00+00:00,GATE-06,ZONE-BILAT,178.0,37,25
2026-06-23T06:15:00+00:00,GATE-06,ZONE-BILAT,158.7,36,32
2026-06-23T06:30:00+00:00,GATE-06,ZONE-BILAT,144.9,36,28
2026-06-23T06:45:00+00:00,GATE-06,ZONE-BILAT,173.4,26,22
2026-06-23T07:00:00+00:00,GATE-06,ZONE-BILAT,118.3,32,27
2026-06-23T07:15:00+00:00,GATE-06,ZONE-BILAT,152.8,35,32
2026-06-23T07:30:00+00:00,GATE-06,ZONE-BILAT,178.2,26,47
2026-06-23T07:45:00+00:00,GATE-06,ZONE-BILAT,175.0,41,30
2026-06-23T08:00:00+00:00,GATE-06,ZONE-BILAT,179.6,34,45
2026-06-23T08:15:00+00:00,GATE-06,ZONE-BILAT,184.6,34,40
2026-06-23T08:30:00+00:00,GATE-06,ZONE-BILAT,162.4,29,26
2026-06-23T08:45:00+00:00,GATE-06,ZONE-BILAT,179.4,49,30
2026-06-23T09:00:00+00:00,GATE-06,ZONE-BILAT,189.5,44,27
2026-06-23T09:15:00+00:00,GATE-06,ZONE-BILAT,180.8,40,37
2026-06-23T09:30:00+00:00,GATE-06,ZONE-BILAT,177.0,35,32
2026-06-23T09:45:00+00:00,GATE-06,ZONE-BILAT,189.3,38,27
2026-06-23T10:00:00+00:00,GATE-06,ZONE-BILAT,199.4,42,28
2026-06-23T10:15:00+00:00,GATE-06,ZONE-BILAT,176.2,31,49
2026-06-23T10:30:00+00:00,GATE-06,ZONE-BILAT,193.0,48,30
2026-06-23T10:45:00+00:00,GATE-06,ZONE-BILAT,157.2,53,34
2026-06-23T11:00:00+00:00,GATE-06,ZONE-BILAT,152.5,26,27
2026-06-23T11:15:00+00:00,GATE-06,ZONE-BILAT,183.6,34,38
2026-06-23T11:30:00+00:00,GATE-06,ZONE-BILAT,149.6,42,27
2026-06-23T11:45:00+00:00,GATE-06,ZONE-BILAT,168.9,36,31
2026-06-23T12:00:00+00:00,GATE-06,ZONE-BILAT,175.3,41,30
2026-06-23T12:15:00+00:00,GATE-06,ZONE-BILAT,185.3,43,38
2026-06-23T12:30:00+00:00,GATE-06,ZONE-BILAT,151.0,37,38
2026-06-23T12:45:00+00:00,GATE-06,ZONE-BILAT,147.4,32,32
2026-06-23T13:00:00+00:00,GATE-06,ZONE-BILAT,171.1,38,24
2026-06-23T13:15:00+00:00,GATE-06,ZONE-BILAT,166.2,28,35
2026-06-23T13:30:00+00:00,GATE-06,ZONE-BILAT,159.1,32,28
2026-06-23T13:45:00+00:00,GATE-06,ZONE-BILAT,132.3,23,17
2026-06-23T14:00:00+00:00,GATE-06,ZONE-BILAT,178.6,21,37
2026-06-23T14:15:00+00:00,GATE-06,ZONE-BILAT,147.6,37,17
2026-06-23T14:30:00+00:00,GATE-06,ZONE-BILAT,161.4,31,32
2026-06-23T14:45:00+00:00,GATE-06,ZONE-BILAT,150.5,28,33
2026-06-23T15:00:00+00:00,GATE-06,ZONE-BILAT,132.0,33,18
2026-06-23T15:15:00+00:00,GATE-06,ZONE-BILAT,112.8,23,23
2026-06-23T15:30:00+00:00,GATE-06,ZONE-BILAT,113.2,14,14
2026-06-23T15:45:00+00:00,GATE-06,ZONE-BILAT,137.2,22,27
2026-06-23T16:00:00+00:00,GATE-06,ZONE-BILAT,128.4,23,16
2026-06-23T16:15:00+00:00,GATE-06,ZONE-BILAT,118.7,23,32
2026-06-23T16:30:00+00:00,GATE-06,ZONE-BILAT,97.5,11,15
2026-06-23T16:45:00+00:00,GATE-06,ZONE-BILAT,82.1,14,13
2026-06-23T17:00:00+00:00,GATE-06,ZONE-BILAT,88.6,22,17
2026-06-23T17:15:00+00:00,GATE-06,ZONE-BILAT,88.3,11,6
2026-06-23T17:30:00+00:00,GATE-06,ZONE-BILAT,76.5,6,18
2026-06-23T17:45:00+00:00,GATE-06,ZONE-BILAT,79.0,13,15
2026-06-23T18:00:00+00:00,GATE-06,ZONE-BILAT,74.0,9,16
2026-06-23T18:15:00+00:00,GATE-06,ZONE-BILAT,87.7,7,1
2026-06-23T18:30:00+00:00,GATE-06,ZONE-BILAT,65.3,11,1
2026-06-23T18:45:00+00:00,GATE-06,ZONE-BILAT,21.1,20,5
2026-06-23T19:00:00+00:00,GATE-06,ZONE-BILAT,52.1,9,0
2026-06-23T19:15:00+00:00,GATE-06,ZONE-BILAT,75.4,0,0
2026-06-23T19:30:00+00:00,GATE-06,ZONE-BILAT,43.3,0,0
2026-06-23T19:45:00+00:00,GATE-06,ZONE-BILAT,11.3,0,6
2026-06-23T20:00:00+00:00,GATE-06,ZONE-BILAT,20.0,6,0
2026-06-23T20:15:00+00:00,GATE-06,ZONE-BILAT,23.8,3,0
2026-06-23T20:30:00+00:00,GATE-06,ZONE-BILAT,26.9,2,1
2026-06-23T20:45:00+00:00,GATE-06,ZONE-BILAT,76.3,0,1
2026-06-23T21:00:00+00:00,GATE-06,ZONE-BILAT,16.4,7,0
2026-06-23T21:15:00+00:00,GATE-06,ZONE-BILAT,7.6,6,0
2026-06-23T21:30:00+00:00,GATE-06,ZONE-BILAT,28.7,5,0
2026-06-23T21:45:00+00:00,GATE-06,ZONE-BILAT,24.7,12,0
2026-06-23T22:00:00+00:00,GATE-06,ZONE-BILAT,19.5,6,9
2026-06-23T22:15:00+00:00,GATE-06,ZONE-BILAT,33.4,4,0
2026-06-23T22:30:00+00:00,GATE-06,ZONE-BILAT,34.4,1,0
2026-06-23T22:45:00+00:00,GATE-06,ZONE-BILAT,8.7,1,6
2026-06-23T23:00:00+00:00,GATE-06,ZONE-BILAT,12.2,0,0
2026-06-23T23:15:00+00:00,GATE-06,ZONE-BILAT,30.7,0,0
2026-06-23T23:30:00+00:00,GATE-06,ZONE-BILAT,43.0,0,0
2026-06-23T23:45:00+00:00,GATE-06,ZONE-BILAT,43.7,9,0
2026-06-23T00:00:00+00:00,GATE-07,ZONE-FOOD,28.7,4,0
2026-06-23T00:15:00+00:00,GATE-07,ZONE-FOOD,17.0,0,0
2026-06-23T00:30:00+00:00,GATE-07,ZONE-FOOD,44.5,6,5
2026-06-23T00:45:00+00:00,GATE-07,ZONE-FOOD,15.9,4,0
2026-06-23T01:00:00+00:00,GATE-07,ZONE-FOOD,59.0,9,14
2026-06-23T01:15:00+00:00,GATE-07,ZONE-FOOD,53.1,12,5
2026-06-23T01:30:00+00:00,GATE-07,ZONE-FOOD,75.6,20,13
2026-06-23T01:45:00+00:00,GATE-07,ZONE-FOOD,87.9,9,9
2026-06-23T02:00:00+00:00,GATE-07,ZONE-FOOD,92.2,7,8
2026-06-23T02:15:00+00:00,GATE-07,ZONE-FOOD,60.0,6,14
2026-06-23T02:30:00+00:00,GATE-07,ZONE-FOOD,92.9,17,11
2026-06-23T02:45:00+00:00,GATE-07,ZONE-FOOD,71.2,14,9
2026-06-23T03:00:00+00:00,GATE-07,ZONE-FOOD,119.8,19,22
2026-06-23T03:15:00+00:00,GATE-07,ZONE-FOOD,100.3,15,17
2026-06-23T03:30:00+00:00,GATE-07,ZONE-FOOD,114.4,22,17
2026-06-23T03:45:00+00:00,GATE-07,ZONE-FOOD,103.6,28,22
2026-06-23T04:00:00+00:00,GATE-07,ZONE-FOOD,122.6,24,15
2026-06-23T04:15:00+00:00,GATE-07,ZONE-FOOD,135.5,29,17
2026-06-23T04:30:00+00:00,GATE-07,ZONE-FOOD,127.0,25,20
2026-06-23T04:45:00+00:00,GATE-07,ZONE-FOOD,144.2,22,33
2026-06-23T05:00:00+00:00,GATE-07,ZONE-FOOD,140.8,35,21
2026-06-23T05:15:00+00:00,GATE-07,ZONE-FOOD,138.2,35,26
2026-06-23T05:30:00+00:00,GATE-07,ZONE-FOOD,138.9,26,17
2026-06-23T05:45:00+00:00,GATE-07,ZONE-FOOD,113.0,28,35
2026-06-23T06:00:00+00:00,GATE-07,ZONE-FOOD,141.5,34,35
2026-06-23T06:15:00+00:00,GATE-07,ZONE-FOOD,134.8,22,26
2026-06-23T06:30:00+00:00,GATE-07,ZONE-FOOD,152.5,35,29
2026-06-23T06:45:00+00:00,GATE-07,ZONE-FOOD,142.4,31,28
2026-06-23T07:00:00+00:00,GATE-07,ZONE-FOOD,171.4,41,38
2026-06-23T07:15:00+00:00,GATE-07,ZONE-FOOD,159.0,35,31
2026-06-23T07:30:00+00:00,GATE-07,ZONE-FOOD,169.9,44,20
2026-06-23T07:45:00+00:00,GATE-07,ZONE-FOOD,158.3,34,38
2026-06-23T08:00:00+00:00,GATE-07,ZONE-FOOD,181.7,39,32
2026-06-23T08:15:00+00:00,GATE-07,ZONE-FOOD,178.3,40,36
2026-06-23T08:30:00+00:00,GATE-07,ZONE-FOOD,171.8,36,30
2026-06-23T08:45:00+00:00,GATE-07,ZONE-FOOD,164.7,28,26
2026-06-23T09:00:00+00:00,GATE-07,ZONE-FOOD,172.7,39,38
2026-06-23T09:15:00+00:00,GATE-07,ZONE-FOOD,194.8,24,32
2026-06-23T09:30:00+00:00,GATE-07,ZONE-FOOD,200.8,37,47
2026-06-23T09:45:00+00:00,GATE-07,ZONE-FOOD,197.4,33,49
2026-06-23T10:00:00+00:00,GATE-07,ZONE-FOOD,191.7,42,36
2026-06-23T10:15:00+00:00,GATE-07,ZONE-FOOD,153.3,32,25
2026-06-23T10:30:00+00:00,GATE-07,ZONE-FOOD,199.7,34,32
2026-06-23T10:45:00+00:00,GATE-07,ZONE-FOOD,179.2,51,35
2026-06-23T11:00:00+00:00,GATE-07,ZONE-FOOD,187.7,39,28
2026-06-23T11:15:00+00:00,GATE-07,ZONE-FOOD,189.5,41,33
2026-06-23T11:30:00+00:00,GATE-07,ZONE-FOOD,172.8,25,33
2026-06-23T11:45:00+00:00,GATE-07,ZONE-FOOD,161.1,38,33
2026-06-23T12:00:00+00:00,GATE-07,ZONE-FOOD,129.4,29,28
2026-06-23T12:15:00+00:00,GATE-07,ZONE-FOOD,154.2,38,42
2026-06-23T12:30:00+00:00,GATE-07,ZONE-FOOD,174.7,36,39
2026-06-23T12:45:00+00:00,GATE-07,ZONE-FOOD,168.1,39,19
2026-06-23T13:00:00+00:00,GATE-07,ZONE-FOOD,178.1,32,29
2026-06-23T13:15:00+00:00,GATE-07,ZONE-FOOD,185.7,36,33
2026-06-23T13:30:00+00:00,GATE-07,ZONE-FOOD,150.1,30,21
2026-06-23T13:45:00+00:00,GATE-07,ZONE-FOOD,168.0,31,35
2026-06-23T14:00:00+00:00,GATE-07,ZONE-FOOD,123.0,27,26
2026-06-23T14:15:00+00:00,GATE-07,ZONE-FOOD,150.9,29,20
2026-06-23T14:30:00+00:00,GATE-07,ZONE-FOOD,113.3,28,12
2026-06-23T14:45:00+00:00,GATE-07,ZONE-FOOD,142.4,38,22
2026-06-23T15:00:00+00:00,GATE-07,ZONE-FOOD,136.7,24,25
2026-06-23T15:15:00+00:00,GATE-07,ZONE-FOOD,142.5,22,18
2026-06-23T15:30:00+00:00,GATE-07,ZONE-FOOD,140.5,16,16
2026-06-23T15:45:00+00:00,GATE-07,ZONE-FOOD,122.4,19,20
2026-06-23T16:00:00+00:00,GATE-07,ZONE-FOOD,133.6,31,27
2026-06-23T16:15:00+00:00,GATE-07,ZONE-FOOD,95.2,36,17
2026-06-23T16:30:00+00:00,GATE-07,ZONE-FOOD,123.4,13,15
2026-06-23T16:45:00+00:00,GATE-07,ZONE-FOOD,98.7,17,20
2026-06-23T17:00:00+00:00,GATE-07,ZONE-FOOD,96.2,23,19
2026-06-23T17:15:00+00:00,GATE-07,ZONE-FOOD,87.0,11,13
2026-06-23T17:30:00+00:00,GATE-07,ZONE-FOOD,97.9,14,18
2026-06-23T17:45:00+00:00,GATE-07,ZONE-FOOD,93.8,9,9
2026-06-23T18:00:00+00:00,GATE-07,ZONE-FOOD,102.2,16,12
2026-06-23T18:15:00+00:00,GATE-07,ZONE-FOOD,103.3,13,10
2026-06-23T18:30:00+00:00,GATE-07,ZONE-FOOD,78.0,6,9
2026-06-23T18:45:00+00:00,GATE-07,ZONE-FOOD,56.7,17,3
2026-06-23T19:00:00+00:00,GATE-07,ZONE-FOOD,63.7,13,1
2026-06-23T19:15:00+00:00,GATE-07,ZONE-FOOD,46.3,6,6
2026-06-23T19:30:00+00:00,GATE-07,ZONE-FOOD,52.0,4,0
2026-06-23T19:45:00+00:00,GATE-07,ZONE-FOOD,9.1,0,1
2026-06-23T20:00:00+00:00,GATE-07,ZONE-FOOD,27.7,7,3
2026-06-23T20:15:00+00:00,GATE-07,ZONE-FOOD,21.3,1,9
2026-06-23T20:30:00+00:00,GATE-07,ZONE-FOOD,28.8,0,0
2026-06-23T20:45:00+00:00,GATE-07,ZONE-FOOD,32.8,0,0
2026-06-23T21:00:00+00:00,GATE-07,ZONE-FOOD,52.7,0,0
2026-06-23T21:15:00+00:00,GATE-07,ZONE-FOOD,18.3,0,14
2026-06-23T21:30:00+00:00,GATE-07,ZONE-FOOD,39.4,0,0
2026-06-23T21:45:00+00:00,GATE-07,ZONE-FOOD,4.3,2,0
2026-06-23T22:00:00+00:00,GATE-07,ZONE-FOOD,41.5,4,0
2026-06-23T22:15:00+00:00,GATE-07,ZONE-FOOD,39.9,0,0
2026-06-23T22:30:00+00:00,GATE-07,ZONE-FOOD,31.2,0,0
2026-06-23T22:45:00+00:00,GATE-07,ZONE-FOOD,41.8,0,1
2026-06-23T23:00:00+00:00,GATE-07,ZONE-FOOD,10.5,2,0
2026-06-23T23:15:00+00:00,GATE-07,ZONE-FOOD,33.9,0,2
2026-06-23T23:30:00+00:00,GATE-07,ZONE-FOOD,20.6,4,5
2026-06-23T23:45:00+00:00,GATE-07,ZONE-FOOD,51.1,0,0
2026-06-23T00:00:00+00:00,GATE-08,ZONE-VIP,3.0,2,3
2026-06-23T00:15:00+00:00,GATE-08,ZONE-VIP,51.5,0,0
2026-06-23T00:30:00+00:00,GATE-08,ZONE-VIP,31.5,3,0
2026-06-23T00:45:00+00:00,GATE-08,ZONE-VIP,30.6,0,15
2026-06-23T01:00:00+00:00,GATE-08,ZONE-VIP,48.5,0,10
2026-06-23T01:15:00+00:00,GATE-08,ZONE-VIP,42.0,11,8
2026-06-23T01:30:00+00:00,GATE-08,ZONE-VIP,57.2,9,1
2026-06-23T01:45:00+00:00,GATE-08,ZONE-VIP,77.6,8,0
2026-06-23T02:00:00+00:00,GATE-08,ZONE-VIP,75.2,21,16
2026-06-23T02:15:00+00:00,GATE-08,ZONE-VIP,87.2,13,5
2026-06-23T02:30:00+00:00,GATE-08,ZONE-VIP,107.3,23,16
2026-06-23T02:45:00+00:00,GATE-08,ZONE-VIP,108.9,20,8
2026-06-23T03:00:00+00:00,GATE-08,ZONE-VIP,104.8,22,11
2026-06-23T03:15:00+00:00,GATE-08,ZONE-VIP,96.0,23,16
2026-06-23T03:30:00+00:00,GATE-08,ZONE-VIP,82.4,19,22
2026-06-23T03:45:00+00:00,GATE-08,ZONE-VIP,87.8,24,17
2026-06-23T04:00:00+00:00,GATE-08,ZONE-VIP,110.9,30,11
2026-06-23T04:15:00+00:00,GATE-08,ZONE-VIP,128.4,29,21
2026-06-23T04:30:00+00:00,GATE-08,ZONE-VIP,127.1,27,23
2026-06-23T04:45:00+00:00,GATE-08,ZONE-VIP,131.2,20,18
2026-06-23T05:00:00+00:00,GATE-08,ZONE-VIP,124.1,29,31
2026-06-23T05:15:00+00:00,GATE-08,ZONE-VIP,138.1,34,29
2026-06-23T05:30:00+00:00,GATE-08,ZONE-VIP,134.6,30,30
2026-06-23T05:45:00+00:00,GATE-08,ZONE-VIP,142.7,30,20
2026-06-23T06:00:00+00:00,GATE-08,ZONE-VIP,139.2,28,34
2026-06-23T06:15:00+00:00,GATE-08,ZONE-VIP,175.4,31,31
2026-06-23T06:30:00+00:00,GATE-08,ZONE-VIP,143.2,37,15
2026-06-23T06:45:00+00:00,GATE-08,ZONE-VIP,149.9,34,26
2026-06-23T07:00:00+00:00,GATE-08,ZONE-VIP,165.3,39,32
2026-06-23T07:15:00+00:00,GATE-08,ZONE-VIP,148.8,35,27
2026-06-23T07:30:00+00:00,GATE-08,ZONE-VIP,116.8,24,27
2026-06-23T07:45:00+00:00,GATE-08,ZONE-VIP,145.2,27,26
2026-06-23T08:00:00+00:00,GATE-08,ZONE-VIP,128.9,32,20
2026-06-23T08:15:00+00:00,GATE-08,ZONE-VIP,212.3,42,33
2026-06-23T08:30:00+00:00,GATE-08,ZONE-VIP,192.5,40,41
2026-06-23T08:45:00+00:00,GATE-08,ZONE-VIP,168.6,30,41
2026-06-23T09:00:00+00:00,GATE-08,ZONE-VIP,198.9,30,36
2026-06-23T09:15:00+00:00,GATE-08,ZONE-VIP,175.5,35,35
2026-06-23T09:30:00+00:00,GATE-08,ZONE-VIP,175.7,33,32
2026-06-23T09:45:00+00:00,GATE-08,ZONE-VIP,177.6,38,26
2026-06-23T10:00:00+00:00,GATE-08,ZONE-VIP,195.9,37,34
2026-06-23T10:15:00+00:00,GATE-08,ZONE-VIP,173.8,25,38
2026-06-23T10:30:00+00:00,GATE-08,ZONE-VIP,168.3,33,22
2026-06-23T10:45:00+00:00,GATE-08,ZONE-VIP,186.1,39,43
2026-06-23T11:00:00+00:00,GATE-08,ZONE-VIP,165.2,42,29
2026-06-23T11:15:00+00:00,GATE-08,ZONE-VIP,173.7,36,34
2026-06-23T11:30:00+00:00,GATE-08,ZONE-VIP,194.6,53,34
2026-06-23T11:45:00+00:00,GATE-08,ZONE-VIP,195.8,47,33
2026-06-23T12:00:00+00:00,GATE-08,ZONE-VIP,156.5,40,39
2026-06-23T12:15:00+00:00,GATE-08,ZONE-VIP,154.9,47,38
2026-06-23T12:30:00+00:00,GATE-08,ZONE-VIP,168.9,32,28
2026-06-23T12:45:00+00:00,GATE-08,ZONE-VIP,147.8,44,42
2026-06-23T13:00:00+00:00,GATE-08,ZONE-VIP,184.9,27,38
2026-06-23T13:15:00+00:00,GATE-08,ZONE-VIP,127.8,38,26
2026-06-23T13:30:00+00:00,GATE-08,ZONE-VIP,150.9,41,31
2026-06-23T13:45:00+00:00,GATE-08,ZONE-VIP,166.5,20,20
2026-06-23T14:00:00+00:00,GATE-08,ZONE-VIP,131.5,31,33
2026-06-23T14:15:00+00:00,GATE-08,ZONE-VIP,131.5,37,14
2026-06-23T14:30:00+00:00,GATE-08,ZONE-VIP,142.9,29,24
2026-06-23T14:45:00+00:00,GATE-08,ZONE-VIP,115.1,26,24
2026-06-23T15:00:00+00:00,GATE-08,ZONE-VIP,130.3,26,32
2026-06-23T15:15:00+00:00,GATE-08,ZONE-VIP,154.2,34,17
2026-06-23T15:30:00+00:00,GATE-08,ZONE-VIP,139.8,19,20
2026-06-23T15:45:00+00:00,GATE-08,ZONE-VIP,125.8,29,26
2026-06-23T16:00:00+00:00,GATE-08,ZONE-VIP,131.3,32,8
2026-06-23T16:15:00+00:00,GATE-08,ZONE-VIP,102.0,22,29
2026-06-23T16:30:00+00:00,GATE-08,ZONE-VIP,96.8,21,22
2026-06-23T16:45:00+00:00,GATE-08,ZONE-VIP,103.9,25,7
2026-06-23T17:00:00+00:00,GATE-08,ZONE-VIP,98.7,20,26
2026-06-23T17:15:00+00:00,GATE-08,ZONE-VIP,89.4,17,26
2026-06-23T17:30:00+00:00,GATE-08,ZONE-VIP,72.1,16,15
2026-06-23T17:45:00+00:00,GATE-08,ZONE-VIP,64.5,19,16
2026-06-23T18:00:00+00:00,GATE-08,ZONE-VIP,76.9,10,17
2026-06-23T18:15:00+00:00,GATE-08,ZONE-VIP,61.8,0,11
2026-06-23T18:30:00+00:00,GATE-08,ZONE-VIP,53.1,11,13
2026-06-23T18:45:00+00:00,GATE-08,ZONE-VIP,62.8,25,4
2026-06-23T19:00:00+00:00,GATE-08,ZONE-VIP,69.9,5,11
2026-06-23T19:15:00+00:00,GATE-08,ZONE-VIP,65.0,2,4
2026-06-23T19:30:00+00:00,GATE-08,ZONE-VIP,42.8,10,0
2026-06-23T19:45:00+00:00,GATE-08,ZONE-VIP,43.6,0,0
2026-06-23T20:00:00+00:00,GATE-08,ZONE-VIP,30.0,0,0
2026-06-23T20:15:00+00:00,GATE-08,ZONE-VIP,26.4,0,7
2026-06-23T20:30:00+00:00,GATE-08,ZONE-VIP,26.8,13,0
2026-06-23T20:45:00+00:00,GATE-08,ZONE-VIP,19.5,0,7
2026-06-23T21:00:00+00:00,GATE-08,ZONE-VIP,23.6,0,3
2026-06-23T21:15:00+00:00,GATE-08,ZONE-VIP,45.2,12,0
2026-06-23T21:30:00+00:00,GATE-08,ZONE-VIP,20.4,6,5
2026-06-23T21:45:00+00:00,GATE-08,ZONE-VIP,28.7,0,0
2026-06-23T22:00:00+00:00,GATE-08,ZONE-VIP,23.0,1,0
2026-06-23T22:15:00+00:00,GATE-08,ZONE-VIP,8.3,0,4
2026-06-23T22:30:00+00:00,GATE-08,ZONE-VIP,1.8,0,2
2026-06-23T22:45:00+00:00,GATE-08,ZONE-VIP,43.5,3,9
2026-06-23T23:00:00+00:00,GATE-08,ZONE-VIP,41.6,0,4
2026-06-23T23:15:00+00:00,GATE-08,ZONE-VIP,23.6,4,0
2026-06-23T23:30:00+00:00,GATE-08,ZONE-VIP,27.8,0,0
2026-06-23T23:45:00+00:00,GATE-08,ZONE-VIP,6.7,0,0
